columns;coef
incidenceRate;0.231664735489708
povertyPercent;0.6780724410381136
MedianAgeFemale;-0.2781535861339995
PctHS18_24;0.3321349571400502
PctHS25_Over;0.9236742170051552
PctUnemployed16_Over;0.8467229380237415
PctPrivateCoverage;-0.5180142741191877
